Fecha,ID_de_trampa,Responsable_de_captura,Otros_responsables,Longitud_total,Longitud_de_cola,Altura,Sexo,Etapa_de_vida,Patron,Gris,Negro,Pardo,Amarillo,Naranja,Blanco,Peso,Condicion_corporal,Estado_de_salud,Estado_reproductivo,Contenido_estomacal_notas,Contenido_estomacal_plumas,Contenido_estomacal_pelos,Contenido_estomacal_insectos,Contenido_estomacal_plantas,Contenido_estomacal_desperdicios,Contenido_estomacal_inorganico,Observaciones
09/Oct/2018,TC-01-PS1-AG,Jose Luis Bolivar,NA,70,26,25,H,juvenil,atigrado,1,0,0,0,0,0,2.3,2,sano,NA,NA,NA,NA,NA,NA,NA,NA,NA
10/Ago/2020,TC-04-120-MV,Salvador Figueroa,NA,NA,NA,NA,NA,juvenil,solido,0,1,0,0,0,0,NA,NA,muerto,NA,NA,NA,NA,NA,NA,NA,NA,NA
24/Oct/2023,TC-03-106-KR,Ever Sanchez,NA,NA,NA,NA,NA,adulto,solido,0,1,0,0,0,0,NA,NA,muerto,reproductivo,NA,NA,NA,NA,NA,NA,NA,En descomposicion
24/Oct/2023,TC-03-154-LM,Salvador Figueroa,NA,NA,NA,NA,NA,juvenil,solido,0,1,0,0,0,0,NA,NA,muerto,NA,NA,NA,NA,NA,NA,NA,NA,En descomposicion
28/Oct/2023,TC-03-194-MC,Ever Sanchez,NA,NA,NA,NA,NA,adulto,atigrado,1,1,0,0,0,1,NA,NA,muerto,reproductivo,NA,NA,NA,NA,NA,NA,NA,En descomposicion
26/Oct/2023,TC-03-195-LM,Cristobal Sanchez,NA,NA,NA,NA,NA,juvenil,solido,0,1,0,0,0,0,NA,NA,muerto,reproductivo,NA,NA,NA,NA,NA,NA,NA,NA
28/Oct/2023,TC-07-138-FJR,Ever Sanchez,David Cosio,73,28,30,H,juvenil,atigrado,1,1,0,0,0,1,2,4,sano,reproductivo,NA,NA,NA,NA,NA,NA,NA,NA
26/Oct/2023,TP-02-096-LM,Ever Sanchez,NA,NA,NA,NA,H,adulto,atigrado,1,1,0,0,0,1,NA,NA,muerto,reproductivo,NA,NA,NA,NA,NA,NA,NA,En descomposicion
27/Oct/2023,TP-02-096-LM,Ever Sanchez,NA,NA,NA,NA,H,adulto,atigrado,1,1,0,0,0,1,NA,NA,muerto,reproductivo,NA,NA,NA,NA,NA,NA,NA,En descomposicion
