ID_de_trampa,Coordenada_Este,Coordenada_Norte
TC-01-PS1-AG,NA,NA
TC-04-120-MV,378461,3211655
TC-03-106-KR,377717,3206615
TC-03-154-LM,376818,3208120
TC-03-194-MC,380157,3206016
TC-03-195-LM,376665,3205564
TC-07-138-FJR,371748,3223883
TP-02-096-LM,375598,3203799
